<?xml version="1.0" encoding="utf-8"?>
<!DOCTYPE hibernate-configuration SYSTEM 
"http://www.hibernate.org/dtd/hibernate-configuration-3.0.dtd">
<hibernate-configuration>
<session-factory>
<!-- Loading database Properties first to connect with database -->
<property name="connection.driver_class">com.mysql.jdbc.Driver</property>
<property name="connection.url">jdbc:mysql://localhost:3306/JalajSchema</property>
<property name="connection.username">root</property>
<property name="connection.password"></property>
<property name="connection.pool_size">10</property>
 <property name="dialect">org.hibernate.dialect.MySQLDialect</property>
 <!-- 1)It will validate existing schema,table.If it is there it will update otherwise it will insert-->
  <property name="hbm2ddl.auto">update</property>
  <!-- This Command will help us View your tables on Console  -->
 <property name="show_sql">true</property>
 
 <!-- Mapping your table  with POJO Class -->
 <mapping resource="resources/StudentOld.hbm.xml"/>

</session-factory>
</hibernate-configuration>