<?xml version="1.0" encoding="utf-8"?>
<!DOCTYPE hibernate-mapping PUBLIC 
 "-//Hibernate/Hibernate Mapping DTD//EN"
 "http://www.hibernate.org/dtd/hibernate-mapping-3.0.dtd"> 
<hibernate-mapping>

<class name="beans.StudentOld" table="StudentOld" schema="JalajSchema">
<id name="id" column="sid"></id>
<property name="name"></property>
<property name="email"></property>
<property name="marks"></property>
 </class>
 <sql-query name="mytest">
 <return class="beans.StudentOld"/>
 <!--  select * from StudentOld where sid>=?-->
 select * from StudentOld where email like ?
 </sql-query>
</hibernate-mapping>